<?xml version="1.0" encoding="UTF-8"?>
<project-private xmlns="http://www.netbeans.org/ns/project-private/1">
    <editor-bookmarks xmlns="http://www.netbeans.org/ns/editor-bookmarks/2" lastBookmarkId="0"/>
    <open-files xmlns="http://www.netbeans.org/ns/projectui-open-files/2">
        <group>
            <file>file:/H:/xampp/htdocs/medical/application/views/view_signup.php</file>
            <file>file:/H:/xampp/htdocs/medical/application/views/view_appointment.php</file>
            <file>file:/H:/xampp/htdocs/medical/application/controllers/apply.php</file>
            <file>file:/H:/xampp/htdocs/medical/application/controllers/signup.php</file>
            <file>file:/H:/xampp/htdocs/medical/application/models/welcome_model.php</file>
            <file>file:/H:/xampp/htdocs/medical/application/views/view_previous.php</file>
            <file>file:/H:/xampp/htdocs/medical/application/views/view_apply.php</file>
            <file>file:/H:/xampp/htdocs/medical/application/controllers/appointment.php</file>
        </group>
    </open-files>
</project-private>
